Title,Price,Order Option
Chloe Prince Womens Size 8 Brown Leath... ,$329.99,Buy It Now
CHLOE High Leather Boots Brown Size... ,$229.99,Buy It Now
Women's Frye Antiqued Paige? Tall... ,$149.00,0 bids 	
Intermix (Jeffrey Campbell) gray/gre... ,$155.00,0 bids 	
Ugg Bailey Button Grey Leather Boots... ,$76.00,30 bids 	
TORY BURCH SMALL PURSE ,$130.00,Buy It Now
TOM FORD SUNGLASSES ,$99.00,Buy It Now
MAXMARA WOMENS JACKET SIZE 8 ,$149.00,Buy It Now
KIMBERLY CONVERTIBLE SATCHEL ,$89.00,Buy It Now
ERIC JAMES NEW YORK PURSE ,$89.00,0 bids 	
Dr. Martens Women's 1490 10-Eye Casual... ,$105.99,Buy It Now
Dr. Martens 1B60 Ladies Leather Boo... ,$143.00,Buy It Now
Ariat Women's Unbridled Cowboy... ,$139.95,Buy It Now
New Women Slouchy Knee High Boots ... ,$25.99,Buy It Now
Winter Military Zipper Shearling Lace Up... ,$25.99,Buy It Now
Vintage FLINGS 80s Black Leather Mid-Ca... ,$129.99,Buy It Now
Cute Slouch Comfort Casual Flat Mid Calf... ,$16.99,Buy It Now
Robert Clergerie Danys Black Suede... ,$249.00,Buy It Now
SERGIO ROSSI Black Tall Suede Stretch... ,$350.00,Buy It Now
COOLEST Genuine LANVIN River 2006... ,$178.00,Buy It Now
Stylish Low Heel Western Cowboy Mid... ,$14.99,Buy It Now
Laredo Womens Western Cowboy... ,$134.95,Buy It Now
NU JIMMY CHOO TAN KID SUED LULU BOO... ,$439.84,Buy It Now
NIB Anthropologie Waxed Canvas Wrap... ,$98.99,Buy It Now
Sz 37-6.5 Pierre Hardy Taupe Leather Black... ,$198.95,Buy It Now
